<?xml version="1.0"?>
<r4cce>
	<Form1>
		<!-- 0:ANSI 1:DEFAULT 128:SJIS 129:WANSUNG 130:JOHAB 134:GB2312 136:BIG5 255:OEM -->
		<Font Charset="1" Name="Arial" />

		<KeyFile Caption="&amp;Arquivo" />
			<KeyNew Caption="&amp;Novo" />
			<KeyOpen Caption="&amp;Abrir..." />
			<KeySave Caption="&amp;Salvar" />
			<KeySaveAs Caption="Salvar &amp;Como..." />
			<KeyImport Caption="&amp;Importar..." />
			<KeyExit Caption="S&amp;air" />
		<KeyItem Caption="&amp;Inserir" />
			<KeyAddGame Caption="&amp;Jogo" />
			<KeyAddFolder Caption="&amp;Pasta" />
			<KeyAddCode Caption="&amp;Código" />
			<KeySortGame Caption="&amp;Organizar Jogos" />
				<KeySortGameName Caption="Por &amp;Título" />
				<KeySortGameID Caption="Por &amp;ID do Jogo" />
				<KeySortGameIDC Caption="Por Paí&amp;s" />
			<KeyItemAllGame Caption="&amp;Habilitar Jogos Ligado/Desligado" />
				<KeyItemAllGame1 Caption="Todos os Jogos Ligados (&amp;1)" />
				<KeyItemAllGame0 Caption="Todos os Jogos Desligados (&amp;0)" />
			<KeyItemCheck2 Caption="Procurar por Duplicatas (&amp;2)" />
			<KeyItemUp Caption="Mover Para &amp;Cima" />
			<KeyItemDown Caption="Mover Para &amp;Baixo" />
			<KeyItemDel Caption="&amp;Apagar Item" />
		<KeyHelp Caption="&amp;Ajuda" />
			<KeyHelpContents Caption="&amp;Conteúdo" />
				<KeyHelp1 Caption="Como exportar códigos" />
				<KeyHelp1a Caption="Usar Arquivo: Salvar Como" />
				<KeyHelp2 Caption="Como Desinstalar" />
				<KeyHelp2a Caption="Fechar r4cce" />
			<KeyAbout Caption="&amp;Sobre" />
				<KeyAbout2 Caption="R4CCE v0.73 Português" />

		<KeyPAddGame Caption="Adicionar &amp;Jogo" />
		<KeyPAddFolder Caption="Adicionar &amp;Pasta" />
		<KeyPAddCode Caption="Adicionar Có&amp;digo" />
		<KeyPCut Caption="Recor&amp;tar" />
		<KeyPCopy Caption="&amp;Copiar" />
		<KeyPPaste Caption="C&amp;olar" />
		<KeyPDel Caption="&amp;Apagar" />
		<KeyPSelAll Caption="&amp;Selecionar Tudo" />
		<KeyPItemUp Caption="Mover para Ci&amp;ma" />
		<KeyPItemDown Caption="Mover para &amp;Baixo" />

		<KeyConvDipStar Caption="Converter &amp;DipStar -> R4" />
		<KeyConvCodeBreaker Caption="Converter Code&amp;Breaker -> R4" />

		<ButtonAddGame Caption="Adicionar &amp;Jogo" />
		<ButtonAddFolder Caption="Adicionar &amp;Pasta" />
		<ButtonAddCode Caption="Adicionar Có&amp;digo" />
		<ButtonItemDel Caption="&amp;Apagar" />
		<ButtonItemUp Caption="Cima" />
		<ButtonItemDown Caption="Baixo" />
		<ButtonSetting Caption="&amp;Opções" />

		<LabelDBTitle Caption="&amp;Título do Database " />
		<CheckDBEnable Caption="T&amp;ruque Habilitado" />
		<CheckEncrypt Caption="&amp;Encriptar Arquivo" />
		<LabelGameTitle Caption="Título do &amp;Jogo" />
		<LabelGameCode Caption="&amp;ID do Jogo" />
		<CheckGameEnable Caption="&amp;Habilitar Jogo" />
		<GroupGameEx Caption="Códigos &amp;Mestres" />
		<ButtonGameCheck2 Caption="Checar" />
		<LabelFolderTitle Caption="Título da &amp;Pasta" />
		<LabelFolderNote Caption="Nota/&amp;Comentário" />
		<CheckFolderOne Caption="&amp;Quente" />
		<LabelCodeTitle Caption="&amp;Código" />
		<LabelCodeNote Caption="&amp;Comentário" />
		<LabelCodeList Caption="Lista de &amp;Códigos" />
		<CheckCodeEnable Caption="Habilitar &amp;Código" />
		<ButtonConv Caption="Con&amp;verter" />

		<GroupCodeKey Caption="&amp;Ativação do código por botão" />
		<LabelCodeKey Caption="Cinza=Não ativado" />
		<CheckCodeKeyUp Caption="^" />
		<CheckCodeKeyDown Caption="v" />
		<CheckCodeKeyLeft Caption="&lt;" />
		<CheckCodeKeyRight Caption="&gt;" />
		<ButtonCodeKeyMod Caption="Modificar" />
		<ButtonCodeKeyAdd Caption="Adicionar" />

		<GroupEncodeDat Caption="Codificação de Arquivo" />
		<GroupEncodeXml Caption="Saída de Codificação XML" />
		<CheckDatAuto Caption="Auto" />
		<GroupM3R Caption="M3 Real *.db" />
		<CheckM3RDame Caption="Fixar Caractere" />
		<RadioM3Rdht Caption="DHT" />
		<RadioM3Rorg Caption="Estendido" />
		<ComboM3RNote>
			<Items index="0">PRIMEIRO Nome do Jogo</Items>
			<Items index="1">PRIMEIRO Comentário</Items>
		</ComboM3RNote>
		<GroupSetting Caption="Opções do r4cce " />
		<CheckCache Caption="FastSave(Cache)" />

		<ButtonFind Caption="Procurar" />
	</Form1>

	<NoZLib1DLL>Não foi encontrado o arquivo zlib1.dll</NoZLib1DLL>
	<NoZLib1Proc>O procedimento não está no zlib1.dll</NoZLib1Proc>
	<FileNotDat>O arquivo não é um database de truques.</FileNotDat>
	<FileBadVer>O arquivo não é um database de truques ou é de versão não suportada.</FileBadVer>
	<FileBroken>O arquivo está corrompido.</FileBroken>
	<CodeBadChar>Contém caracteres ilegais. O código pode estar corrompido.</CodeBadChar>
	<WarnAgain>Quer que mostre o aviso de novo?</WarnAgain>
	<CantOpen>O arquivo não pode ser aberto.</CantOpen>
	<CantRead>O arquivo não pode ser lido.</CantRead>
	<FileNotNDS>O arquivo não é NDS.</FileNotNDS>
	<Modified>O arquivo foi modificado. Deseja salvar?</Modified>
	<Unofficial>O arquivo parece ser feito pod outro software. Deseja salvar assim mesmo?</Unofficial>
	<NotFound>404 NÃO ENCONTRADO</NotFound>
	<ReSearch>Não encontrado. Procurar do início?</ReSearch>
	<NoDup>Sem duplicatas.</NoDup>
	<NoDupRe>Sem duplicatas. Procurar do início?</NoDupRe>
	<ConvNoElement>Sem elemntos para converter</ConvNoElement>
	<ConvError4x>Código 4x errado</ConvError4x>
	<ConvError3x>Código 3x errado</ConvError3x>
	<ConvErrorBx>Código Bx errado</ConvErrorBx>
	<ConvErrorUnknown>Código desconhecido</ConvErrorUnknown>
	<ConvError5x>Código 5x não é suportado</ConvError5x>
	<ConvError6x>Código 6x não é suportado</ConvError6x>
	<ConvErrorDx>Tipo Dx não suportado</ConvErrorDx>
	<BadFormat>Formato inválido</BadFormat>
	<NoKeySelected>Sem botão selecionado para ativar o truque</NoKeySelected>
</r4cce>
