<?xml version="1.0"?>
<r4cce>
	<Form1>
		<!-- Change Default Setting if u want -->
		<RadioDatGBK  Checked="false" />
		<RadioDatBIG5 Checked="false" />
		<RadioDatSJIS Checked="false" />

		<RadioXmlGBK  Checked="false" />
		<RadioXmlSJIS Checked="false" />
		<RadioXmlUTF8 Checked="true" />
		<RadioXmlETC Checked="false" />
		<EditXmlETC Text="" />

		<!-- 0:ANSI 1:DEFAULT 128:SJIS 129:WANSUNG 130:JOHAB 134:GB2312 136:BIG5 255:OEM -->
		<Font Charset="129" Name="굴림" />

		<KeyFile Caption="파일(&amp;F)" />
			<KeyNew Caption="새로 만들기(&amp;N)" />
			<KeyOpen Caption="열기(&amp;O)..." />
			<KeySave Caption="저장(&amp;S)" />
			<KeySaveAs Caption="다른 이름으로 저장(&amp;A)..." />
			<KeyImport Caption="추가 임포트(&amp;I)..." />
			<KeyExit Caption="끝내기(&amp;X)" />
		<KeyItem Caption="아이템(&amp;I)" />
			<KeyAddGame Caption="게임 추가(&amp;G)" />
			<KeyAddFolder Caption="폴더 추가(&amp;F)" />
			<KeyAddCode Caption="코드 추가(&amp;C)" />
			<KeySortGame Caption="게임 정렬(&amp;S)" />
				<KeySortGameName Caption="이름 순으로 정렬(&amp;T)" />
				<KeySortGameID Caption="ID 순으로 정렬(&amp;I)" />
				<KeySortGameIDC Caption="국가코드 순으로 정렬(&amp;C)" />
			<KeyItemAllGame Caption="모든 게임 치트 ON/OFF(&amp;A)" />
				<KeyItemAllGame1 Caption="모든 게임 치트 ON(&amp;1)" />
				<KeyItemAllGame0 Caption="모든 게임 치트 OFF(&amp;0)" />
			<KeyItemCheck2 Caption="중복 게임 검색(&amp;2)" />
			<KeyItemUp Caption="위로 이동(&amp;U)" />
			<KeyItemDown Caption="아래로 이동(&amp;N)" />
			<KeyItemDel Caption="아이템 삭제(&amp;D)" />
		<KeyHelp Caption="도움말(&amp;H)" />
			<KeyHelpContents Caption="내용(&amp;C)" />
				<KeyHelp1 Caption="치트 익스포트" />
				<KeyHelp1a Caption="파일 사용법: 다른 이름으로 저장" />
				<KeyHelp2 Caption="언인스톨" />
				<KeyHelp2a Caption="r4cce 종료" />
			<KeyAbout Caption="정보(&amp;A)" />
				<KeyAbout2 Caption="R4CCE v0.8 한국어" />

		<KeyPAddGame Caption="게임 추가(&amp;G)" />
		<KeyPAddFolder Caption="폴더 추가(&amp;F)" />
		<KeyPAddCode Caption="코드 추가(&amp;O)" />
		<KeyPCut Caption="잘라내기(&amp;T)" />
		<KeyPCopy Caption="복사(&amp;C)" />
		<KeyPPaste Caption="붙여넣기(&amp;P)" />
		<KeyPDel Caption="삭제(&amp;D)" />
		<KeyPSelAll Caption="모두 선택(&amp;A)" />
		<KeyPItemUp Caption="위로 이동(&amp;U)" />
		<KeyPItemDown Caption="아래로 이동(&amp;N)" />

		<KeyConvDipStar Caption="DipStar -> R4 로 변환(&amp;D)" />
		<KeyConvCodeBreaker Caption="CodeBreaker -> R4 로 변환(&amp;B)" />

		<ButtonAddGame Caption="게임 추가(&amp;G)" />
		<ButtonAddFolder Caption="폴더 추가(&amp;F)" />
		<ButtonAddCode Caption="코드 추가(&amp;O)" />
		<ButtonItemDel Caption="삭제(&amp;D)" />
		<ButtonItemUp Caption="↑" />
		<ButtonItemDown Caption="↓" />
		<ButtonSetting Caption="설정(&amp;S)" />

		<LabelDBTitle Caption="데이터 베이스 명(&amp;T)" />
		<CheckDBEnable Caption="치트 기능 유효(&amp;A)" />
		<CheckEncrypt Caption="암호화(&amp;E)" />
		<LabelGameTitle Caption="게임 타이틀(&amp;T)" />
		<LabelGameCode Caption="게임 ID(&amp;I)" />
		<CheckGameEnable Caption="치트 사용(&amp;E)" />
		<GroupGameEx Caption="마스터 코드(&amp;M)" />
		<ButtonGameCheck2 Caption="중복 검사" />
		<LabelFolderTitle Caption="폴더 명(&amp;T)" />
		<LabelFolderNote Caption="비고(&amp;P)" />
		<CheckFolderOne Caption="선택식(&amp;H)" />
		<LabelCodeTitle Caption="치트 이름(&amp;T)" />
		<LabelCodeNote Caption="비고(&amp;P)" />
		<LabelCodeList Caption="코드 리스트(&amp;L)" />
		<CheckCodeEnable Caption="코드 ON(&amp;E)" />
		<ButtonConv Caption="변환(&amp;V)" />

		<GroupCodeKey Caption="키 판정" />
		<LabelCodeKey Caption="회색=검출 안함" />
		<CheckCodeKeyUp Caption="↑" />
		<CheckCodeKeyDown Caption="↓" />
		<CheckCodeKeyLeft Caption="←" />
		<CheckCodeKeyRight Caption="→" />
		<ButtonCodeKeyMod Caption="변환" />
		<ButtonCodeKeyAdd Caption="추가" />

		<GroupEncodeDat Caption="파일 인코딩" />
		<GroupEncodeXml Caption="XML 출력 인코딩" />
		<CheckDatAuto Caption="자동" />
		<GroupM3R Caption="M3 Real *.db" />
		<CheckM3RDame Caption="문자열 깨짐 처리" />
		<RadioM3Rdht Caption="DHT 호환" />
		<RadioM3Rorg Caption="비고 포함" />
		<ComboM3RNote>
			<Items index="0">비고를 이름 앞쪽에 표시</Items>
			<Items index="1">비고를 이름 뒷쪽에 표시</Items>
		</ComboM3RNote>

		<ButtonFind Caption="찾기" />
	</Form1>

	<NoZLib1DLL>zlib1.dll 을 찾을 수 없습니다.</NoZLib1DLL>
	<NoZLib1Proc>zlib1.dll에 프로시저가 없습니다.</NoZLib1Proc>
	<FileNotDat>치트 데이터베이스 파일이 아닙니다.</FileNotDat>
	<FileBadVer>치트 데이터베이스 파일이 아니거나 지원되지 않는 버전입니다.</FileBadVer>
	<FileBroken>파일이 손상되었습니다.</FileBroken>
	<CodeBadChar>치트가 잘못된 문자열을 포함하고 있습니다. 코드가 깨질 수 있습니다.</CodeBadChar>
	<WarnAgain>이 경고를 다시 표시하시겠습니까?</WarnAgain>
	<CantOpen>파일을 열 수 없습니다.</CantOpen>
	<CantRead>파일로부터 읽을 수 없습니다.</CantRead>
	<FileNotNDS>이 파일은 NDS 파일이 아닙니다.</FileNotNDS>
	<Modified>파일의 내용이 변경되었습니다.변경된 내용을 저장하시겠습니까?</Modified>
	<Unofficial>파일이 다른 프로그램으로 만들어진 것 같습니다. 덮어쓰시겠습니까?</Unofficial>
	<NotFound>404 NOT FOUND</NotFound>
	<ReSearch>찾을 수 없습니다. 처음부터 다시 찾으시겠습니까?</ReSearch>
	<NoDup>중복된 코드가 없습니다.</NoDup>
	<NoDupRe>중복된 코드가 없습니다. 처음부터 다시 찾으시겠습니까?</NoDupRe>
	<ConvNoElement>변환할 요소가 없습니다.</ConvNoElement>
	<ConvError4x>잘못된 4x 코드 입니다.</ConvError4x>
	<ConvError3x>잘못된 3x 코드 입니다.</ConvError3x>
	<ConvErrorBx>잘못된 Bx 코드 입니다.</ConvErrorBx>
	<ConvErrorUnknown>알 수 없는 코드</ConvErrorUnknown>
	<ConvError5x>5x 코드는 지원하지 않습니다.</ConvError5x>
	<ConvError6x>6x 코드는 지원하지 않습니다.</ConvError6x>
	<ConvErrorDx>지원하지 않는 Dx 타입입니다.</ConvErrorDx>
	<BadFormat>잘못된 형식</BadFormat>
	<NoKeySelected>치트 활성화를 위한 버튼이 선택되지 않았습니다.</NoKeySelected>
</r4cce>
