<?xml version="1.0"?>
<r4cce>
	<Form1>
		<!-- 0:ANSI 1:DEFAULT 128:SJIS 134:GB2312 136:BIG5 255:OEM -->
		<Font Charset="1" Name="Arial" />

		<KeyFile Caption="&amp;Bestand" />
			<KeyNew Caption="&amp;Nieuw" />
			<KeyOpen Caption="&amp;Openen..." />
			<KeySave Caption="Be&amp;waren" />
			<KeySaveAs Caption="Bewaar &amp;Als..." />
			<KeyImport Caption="&amp;Importeer" />
			<KeyExit Caption="E&amp;indigen" />
		<KeyItem Caption="Be&amp;werken" />
			<KeyAddGame Caption="Spel &amp;toevoegen" />
			<KeyAddFolder Caption="&amp;Map toevoegen" />
			<KeyAddCode Caption="C&amp;ode toevoegen" />
			<KeySortGame Caption="&amp;Lijst sorteren" />
				<KeySortGameName Caption="Op &amp;titel" />
				<KeySortGameID Caption="Op spel &amp;ID" />
				<KeySortGameIDC Caption="Op &amp;regio" />
			<KeyItemAllGame Caption="&amp;Alle spellen AAN/UIT" />
				<KeyItemAllGame1 Caption="Alle spellen aan (&amp;1)" />
				<KeyItemAllGame0 Caption="Alle spellen uit (&amp;0)" />
			<KeyItemCheck2 Caption="Zoek op dubbele (&amp;2)" />
			<KeyItemUp Caption="Verplaats Item omh&amp;oog" />
			<KeyItemDown Caption="Verplaats Item om&amp;laag" />
			<KeyItemDel Caption="&amp;Verwijder Item" />

		<KeyPAddGame Caption="Spel &amp;toevoegen" />
		<KeyPAddFolder Caption="&amp;Map toevoegen" />
		<KeyPAddCode Caption="C&amp;ode toevoegen" />
		<KeyPCut Caption="&amp;Knippen" />
		<KeyPCopy Caption="K&amp;opieren" />
		<KeyPPaste Caption="&amp;Plakken" />
		<KeyPDel Caption="&amp;Verwijderen" />
		<KeyPSelAll Caption="Alles &amp;selecteren" />
		<KeyPItemUp Caption="&amp;Omhoog verplaatsen" />
		<KeyPItemDown Caption="O&amp;mlaag verplaatsen" />

		<KeyConvDipStar Caption="Converteer &amp;DipStar -> R4" />
		<KeyConvCodeBreaker Caption="Converteer Code&amp;Breaker -> R4" />

		<ButtonAddGame Caption="Spel &amp;toevoegen" />
		<ButtonAddFolder Caption="&amp;Map toevoegen" />
		<ButtonAddCode Caption="C&amp;ode toevoegen" />
		<ButtonItemDel Caption="&amp;Wissen" />
		<ButtonItemUp Caption="Op" />
		<ButtonItemDown Caption="Neer" />
		<ButtonSetting Caption="&amp;Instellingen" />

		<LabelDBTitle Caption="Database &amp;titel" />
		<CheckDBEnable Caption="Chea&amp;t aan" />
		<CheckEncrypt Caption="&amp;Encrypt bestand" />
		<LabelGameTitle Caption="Spel &amp;Titel" />
		<LabelGameCode Caption="Spel &amp;ID" />
		<CheckGameEnable Caption="Spel &amp;aan" />
		<GroupGameEx Caption="&amp;Master Codes" />
		<ButtonGameCheck2 Caption="Dup?" />
		<LabelFolderTitle Caption="Map &amp;titel" />
		<LabelFolderNote Caption="Map &amp;nota" />
		<CheckFolderOne Caption="&amp;1 code aan" />
		<LabelCodeTitle Caption="Code &amp;titel" />
		<LabelCodeNote Caption="Code &amp;nota" />
		<LabelCodeList Caption="Code &amp;lijst" />
		<CheckCodeEnable Caption="Co&amp;de aan" />
		<ButtonConv Caption="Con&amp;v" />

		<GroupCodeKey Caption="&amp;Pad Conditie" />
		<LabelCodeKey Caption="gray=pass over" />
		<CheckCodeKeyUp Caption="^" />
		<CheckCodeKeyDown Caption="v" />
		<CheckCodeKeyLeft Caption="&lt;" />
		<CheckCodeKeyRight Caption="&gt;" />
		<ButtonCodeKeyMod Caption="Bewerken" />
		<ButtonCodeKeyAdd Caption="Toevoegen" />

		<GroupEncodeDat Caption="Bestand Encoding" />
		<CheckDatAuto Caption="Auto" />
		<GroupEncodeXml Caption="XML Output Encoding" />
		<GroupM3R Caption="M3Real.db Optie" />
		<CheckM3RDame Caption="Converteer onbruikbare tekens" />
		<RadioM3Rdht Caption="DHT form" />
		<RadioM3Rorg Caption="Uitgebreid" />
		<ComboM3RNote>
			<Items index="0">Nota is achter de naam</Items>
			<Items index="1">Nota is voor de naam</Items>
		</ComboM3RNote>

		<ButtonFind Caption="zoeken" />
	</Form1>

	<FileNotDat>Dit bestand is geen cheat database.</FileNotDat>
	<FileBadVer>Dit bestand is geen cheat database of niet ondersteund.</FileBadVer>
	<FileBroken>Dit bestand is stuk.</FileBroken>
	<CodeBadChar>Bevat illegale lettertekens. De code kan stuk zijn.</CodeBadChar>
	<WarnAgain>Wil je deze waarschuwing opnieuw tonen?</WarnAgain>
	<CantOpen>Kan het bestand niet openen.</CantOpen>
	<CantRead>Kan het bestand niet lezen.</CantRead>
	<FileNotNDS>Het bestand is geen NDS bestand.</FileNotNDS>
	<Modified>De gegevens zijn aangepast. Wil je ze bewaren?</Modified>
	<Unofficial>Het bestand is blijkbaar door andere software gemaakt. Wil je het overschrijven?</Unofficial>
	<NotFound>404 NIET GEVONDEN</NotFound>
	<ReSearch>Niet gevonden! Zoeken van het beging?</ReSearch>
	<NoDup>Geen dubbele.</NoDup>
	<NoDupRe>Geen dubbele! Zoeken van het beging?</NoDupRe>
	<ConvNoElement>Geen elementen te converteren</ConvNoElement>
	<ConvError4x>Verkeerde 4x code</ConvError4x>
	<ConvError3x>Verkeerde 3x code</ConvError3x>
	<ConvErrorBx>Verkeerde Bx code</ConvErrorBx>
	<ConvErrorUnknown>Onbekende code</ConvErrorUnknown>
	<ConvError5x>5x code is niet ondersteund</ConvError5x>
	<ConvError6x>6x code is niet ondersteund</ConvError6x>
	<ConvErrorDx>niet ondersteund Dx type</ConvErrorDx>
	<BadFormat>Foutief Formaat</BadFormat>
	<NoKeySelected>Geen knop geselecteerd voor pad conditie</NoKeySelected>
</r4cce>
