<?xml version="1.0"?>
<r4cce>
	<Form1>
		<!-- 0:ANSI 1:DEFAULT 128:SJIS 129:WANSUNG 130:JOHAB 134:GB2312 136:BIG5 255:OEM -->
		<Font Charset="1" Name="Arial" />

		<KeyFile Caption="&amp;Fichier" />
			<KeyNew Caption="&amp;Nouvelle" />
			<KeyOpen Caption="&amp;Ouvrir..." />
			<KeySave Caption="&amp;Enregistrer" />
			<KeySaveAs Caption="Enregistrer &amp;Sous..." />
			<KeyImport Caption="&amp;Importer..." />
			<KeyExit Caption="F&amp;ermer" />
		<KeyItem Caption="&amp;Item" />
			<KeyAddGame Caption="Ajouter &amp;Jeu" />
			<KeyAddFolder Caption="Ajouter &amp;Dossier" />
			<KeyAddCode Caption="Ajouter &amp;Code" />
			<KeySortGame Caption="&amp;Trier Jeux" />
				<KeySortGameName Caption="Par &amp;Titre" />
				<KeySortGameID Caption="Par ID &amp;Jeu" />
				<KeySortGameIDC Caption="Par &amp;Region" />
			<KeyItemAllGame Caption="&amp;Tous les Jeux ON/OFF" />
				<KeyItemAllGame1 Caption="Tous les Jeux ON (&amp;1)" />
				<KeyItemAllGame0 Caption="Tous les Jeux OFF (&amp;0)" />
			<KeyItemCheck2 Caption="Chercher les doublons (&amp;2)" />
			<KeyItemUp Caption="Deplacer l'objet en &amp;HAUT" />
			<KeyItemDown Caption="Deplacer l'objet en BA&amp;S" />
			<KeyItemDel Caption="&amp;Effacer objet" />
		<KeyHelp Caption="&amp;Aide" />
			<KeyHelpContents Caption="&amp;Contenu" />
				<KeyHelp1 Caption="Comment exporter les codes" />
				<KeyHelp1a Caption="Utiliser Fichier: Enregister Sous" />
				<KeyHelp2 Caption="Comment Desinstaller" />
				<KeyHelp2a Caption="Fermer r4cce" />
			<KeyAbout Caption="&amp;A Propos" />
				<KeyAbout2 Caption="R4CCE v0.73 French" />

		<KeyPAddGame Caption="Ajouter &amp;Jeu" />
		<KeyPAddFolder Caption="Ajouter &amp;Dossier" />
		<KeyPAddCode Caption="Ajouter C&amp;ode" />
		<KeyPCut Caption="Coupe&amp;r" />
		<KeyPCopy Caption="&amp;Copier" />
		<KeyPPaste Caption="&amp;Coller" />
		<KeyPDel Caption="&amp;Supprimer" />
		<KeyPSelAll Caption="Tout &amp;Selectionner" />
		<KeyPItemUp Caption="Deplacer &amp;HAUT" />
		<KeyPItemDown Caption="Deplacer en BA&amp;S" />

		<KeyConvDipStar Caption="Convertir &amp;DipStar -> R4" />
		<KeyConvCodeBreaker Caption="Convertir Code&amp;Breaker -> R4" />

		<ButtonAddGame Caption="Ajouter &amp;Jeu" />
		<ButtonAddFolder Caption="Ajouter &amp;Dossier" />
		<ButtonAddCode Caption="Ajouter &amp;Code" />
		<ButtonItemDel Caption="&amp;Effacer" />
		<ButtonItemUp Caption="HAUT" />
		<ButtonItemDown Caption="BAS" />
		<ButtonSetting Caption="&amp;Parametres" />

		<LabelDBTitle Caption="Base de donnees &amp;Titre" />
		<CheckDBEnable Caption="Cheat Ac&amp;tive" />
		<CheckEncrypt Caption="&amp;Crypter Fichier" />
		<LabelGameTitle Caption="Titre du &amp;Jeu" />
		<LabelGameCode Caption="ID du &amp;Jeu" />
		<CheckGameEnable Caption="Jeu &amp;Active" />
		<GroupGameEx Caption="&amp;Master Codes" />
		<ButtonGameCheck2 Caption="Dup?" />
		<LabelFolderTitle Caption="Titre du &amp;Dossier" />
		<LabelFolderNote Caption="Note/&amp;Commentaire" />
		<CheckFolderOne Caption="One &amp;Hot" />
		<LabelCodeTitle Caption="Titre du &amp;Code" />
		<LabelCodeNote Caption="&amp;Commentaire" />
		<LabelCodeList Caption="Liste de &amp;Codes" />
		<CheckCodeEnable Caption="Code &amp;Active" />
		<ButtonConv Caption="Con&amp;v" />

		<GroupCodeKey Caption="&amp;Touches d'activation des codes" />
		<LabelCodeKey Caption="Gris=impossible de modifier" />
		<CheckCodeKeyUp Caption="^" />
		<CheckCodeKeyDown Caption="v" />
		<CheckCodeKeyLeft Caption="&lt;" />
		<CheckCodeKeyRight Caption="&gt;" />
		<ButtonCodeKeyMod Caption="Modifier" />
		<ButtonCodeKeyAdd Caption="Ajouter" />

		<GroupEncodeDat Caption="Cryptage du Fichier" />
		<GroupEncodeXml Caption="Cryptage du Fichier XLM" />
		<CheckDatAuto Caption="Auto" />
		<GroupM3R Caption="M3 Real *.db" />
		<CheckM3RDame Caption="Character Fix" />
		<RadioM3Rdht Caption="DHT" />
		<RadioM3Rorg Caption="Extended" />
		<ComboM3RNote>
			<Items index="0">FIRST Game name</Items>
			<Items index="1">FIRST Comment</Items>
		</ComboM3RNote>
		<GroupSetting Caption="Parametres r4cce" />
		<CheckCache Caption="Sauvegarde Rapide (Cache)" />

		<ButtonFind Caption="Chercher" />
	</Form1>

	<NoZLib1DLL>zlib1.dll pas trouve</NoZLib1DLL>
	<NoZLib1Proc>La procedure n'est pas dans zlib1.dll</NoZLib1Proc>
	<FileNotDat>Le fichier n'est pas une base de donnees de codes.</FileNotDat>
	<FileBadVer>Le fichier n'est pas une base de donnees de codes ou n'est pas pris en charge par cette version.</FileBadVer>
	<FileBroken>Le fichier est corrompu.</FileBroken>
	<CodeBadChar>characteres non autorises. Le code est peut etre endommage.</CodeBadChar>
	<WarnAgain>Voulez-vous afficher cet avertissement plus tard ?</WarnAgain>
	<CantOpen>Le fichier ne peut pas etre ouvert.</CantOpen>
	<CantRead>Le fichier ne peut pas etre lu.</CantRead>
	<FileNotNDS>Ce n'est pas un fichier .NDS.</FileNotNDS>
	<Modified>Les donnees ont ete modifie. Voulez-vous sauvegarder ?</Modified>
	<Unofficial>Le fichier a ete cree par un autre programme. Voulez-vous le remplacer ?</Unofficial>
	<NotFound>404 NOT FOUND</NotFound>
	<ReSearch>Aucun resultat. Chercher depuis le debut ?</ReSearch>
	<NoDup>Pas de doublons.</NoDup>
	<NoDupRe>Pas de doublons. Chercher depuis le debut ?</NoDupRe>
	<ConvNoElement>Pas d'elements e convertir</ConvNoElement>
	<ConvError4x>wrong 4x code</ConvError4x>
	<ConvError3x>wrong 3x code</ConvError3x>
	<ConvErrorBx>wrong Bx code</ConvErrorBx>
	<ConvErrorUnknown>Code inconnu</ConvErrorUnknown>
	<ConvError5x>5x code non pris en charge</ConvError5x>
	<ConvError6x>6x code non pris en charge</ConvError6x>
	<ConvErrorDx>Type Dx non pris en charge</ConvErrorDx>
	<BadFormat>Format non autorise</BadFormat>
	<NoKeySelected>Aucun bouton selectionne pour activer le code</NoKeySelected>
</r4cce>
