<?xml version="1.0"?>
<r4cce>
	<Form1>
		<!-- 0:ANSI 1:DEFAULT 128:SJIS 129:WANSUNG 130:JOHAB 134:GB2312 136:BIG5 255:OEM -->
		<Font Charset="1" Name="Arial" />

		<KeyFile Caption="&amp;Archivo" />
			<KeyNew Caption="&amp;Nuevo" />
			<KeyOpen Caption="&amp;Abrir..." />
			<KeySave Caption="&amp;Guardar" />
			<KeySaveAs Caption="Guardar &amp;Como..." />
			<KeyImport Caption="&amp;Importar..." />
			<KeyExit Caption="S&amp;alir" />
		<KeyItem Caption="&amp;Objeto" />
			<KeyAddGame Caption="Anadir &amp;Juego" />
			<KeyAddFolder Caption="Anadir &amp;Directorio" />
			<KeyAddCode Caption="Anadir &amp;Codigo" />
			<KeySortGame Caption="&amp;Sortear Juegos" />
				<KeySortGameName Caption="Por &amp;Titulo" />
				<KeySortGameID Caption="Por &amp;ID" />
				<KeySortGameIDC Caption="Por &amp;Pais" />
			<KeyItemAllGame Caption="&amp;TODOS los juegos ENCENDIDO/APAGADO" />
				<KeyItemAllGame1 Caption="TODOS los juegos ENCENDIDO (&amp;1)" />
				<KeyItemAllGame0 Caption="TODOS los juegos APAGADO (&amp;0)" />
			<KeyItemCheck2 Caption="Buscar duplicados (&amp;2)" />
			<KeyItemUp Caption="Mover objeto &amp;ARRIBA" />
			<KeyItemDown Caption="Mover objeto ABAJ&amp;O" />
			<KeyItemDel Caption="&amp;Eliminar objeto" />
		<KeyHelp Caption="&amp;Ayuda" />
			<KeyHelpContents Caption="&amp;Contenido" />
				<KeyHelp1 Caption="Como exportar cheats" />
				<KeyHelp1a Caption="Usar archivo: Guardar Como" />
				<KeyHelp2 Caption="Como desinstalar" />
				<KeyHelp2a Caption="Cerrar r4cce" />
			<KeyAbout Caption="&amp;Acerca" />
				<KeyAbout2 Caption="R4CCE v0.73 Spanish" />

		<KeyPAddGame Caption="Anadir &amp;Juego" />
		<KeyPAddFolder Caption="Anadir &amp;Directorio" />
		<KeyPAddCode Caption="Anadir C&amp;odigo" />
		<KeyPCut Caption="Corta&amp;r" />
		<KeyPCopy Caption="&amp;Copiar" />
		<KeyPPaste Caption="&amp;Pegar" />
		<KeyPDel Caption="&amp;Eliminar" />
		<KeyPSelAll Caption="Seleccionar &amp;TODO" />
		<KeyPItemUp Caption="Mover &amp;ARRIBA" />
		<KeyPItemDown Caption="Mover ABAJ&amp;O" />

		<KeyConvDipStar Caption="Convertir &amp;DipStar -> R4" />
		<KeyConvCodeBreaker Caption="Convertir Code&amp;Breaker -> R4" />

		<ButtonAddGame Caption="Anadir &amp;Juego" />
		<ButtonAddFolder Caption="Anadir &amp;Directorio" />
		<ButtonAddCode Caption="Anadir &amp;Codigo" />
		<ButtonItemDel Caption="&amp;Eliminar" />
		<ButtonItemUp Caption="ARRIBA" />
		<ButtonItemDown Caption="ABAJO" />
		<ButtonSetting Caption="&amp;Opciones" />

		<LabelDBTitle Caption="&amp;Titulo Base de datos" />
		<CheckDBEnable Caption="Cheat Ac&amp;tivado" />
		<CheckEncrypt Caption="&amp;Encriptar Archivo" />
		<LabelGameTitle Caption="Titulo &amp;Juego" />
		<LabelGameCode Caption="&amp;ID Juego" />
		<CheckGameEnable Caption="&amp;Activar Juego" />
		<GroupGameEx Caption="&amp;Codigos Maestros" />
		<ButtonGameCheck2 Caption="Chequear?" />
		<LabelFolderTitle Caption="Titulo &amp;Directorio" />
		<LabelFolderNote Caption="Nota/&amp;Comentario" />
		<CheckFolderOne Caption="Uno &amp;Caliente" />
		<LabelCodeTitle Caption="Titulo &amp;Codigo" />
		<LabelCodeNote Caption="&amp;Comentario" />
		<LabelCodeList Caption="Lista de &amp;Codigos" />
		<CheckCodeEnable Caption="Codigo &amp;Activado" />
		<ButtonConv Caption="Con&amp;vertir" />

		<GroupCodeKey Caption="&amp;Activacion de cheat por Key-Pad" />
		<LabelCodeKey Caption="Gris=no activado" />
		<CheckCodeKeyUp Caption="^" />
		<CheckCodeKeyDown Caption="v" />
		<CheckCodeKeyLeft Caption="&lt;" />
		<CheckCodeKeyRight Caption="&gt;" />
		<ButtonCodeKeyMod Caption="Modificar" />
		<ButtonCodeKeyAdd Caption="Anadir" />

		<GroupEncodeDat Caption="Codificacion de Archivos" />
		<GroupEncodeXml Caption="Salida de Codificacion XML" />
		<CheckDatAuto Caption="Auto" />
		<GroupM3R Caption="M3 Real *.db" />
		<CheckM3RDame Caption="Arreglar Caracter" />
		<RadioM3Rdht Caption="DHT" />
		<RadioM3Rorg Caption="Extender" />
		<ComboM3RNote>
			<Items index="0">PRIMER Nombre del juego</Items>
			<Items index="1">PRIMER Comentario</Items>
		</ComboM3RNote>
		<GroupSetting Caption="Opciones de r4cce" />
		<CheckCache Caption="FastSave(Cache)" />

		<ButtonFind Caption="Encontrar" />
	</Form1>

	<NoZLib1DLL>No se pudo encontrar zlib1.dll</NoZLib1DLL>
	<NoZLib1Proc>El procedimiento no se encuentra en zlib1.dll</NoZLib1Proc>
	<FileNotDat>El archivo no es una base de datos de cheats.</FileNotDat>
	<FileBadVer>El archivo no es una base de datos de cheats o es una version no compatible.</FileBadVer>
	<FileBroken>El archivo esta corrupto.</FileBroken>
	<CodeBadChar>contiene caracter ilegal. El codigo puede estar corrupto.</CodeBadChar>
	<WarnAgain>Quieres mostrar esta advertencia nuevamente?</WarnAgain>
	<CantOpen>No se puede abrir el archivo.</CantOpen>
	<CantRead>No se puede leer el archivo.</CantRead>
	<FileNotNDS>El archivo no es un archivo NDS.</FileNotNDS>
	<Modified>Los datos fueron modificados. Quieres guardar?</Modified>
	<Unofficial>El archivo parece estar hecho por otro software. Reescribir?</Unofficial>
	<NotFound>404 NO ENCONTRADO</NotFound>
	<ReSearch>No encontrado. Buscar desde el principio?</ReSearch>
	<NoDup>No hay duplicado.</NoDup>
	<NoDupRe>No hay duplicado. Buscar desde el principio?</NoDupRe>
	<ConvNoElement>No hay elementos que convertir</ConvNoElement>
	<ConvError4x>codigo 4x erroneo</ConvError4x>
	<ConvError3x>codigo 3x erroneo</ConvError3x>
	<ConvErrorBx>codigo Bx erroneo</ConvErrorBx>
	<ConvErrorUnknown>Codigo desconocido</ConvErrorUnknown>
	<ConvError5x>codigo 5x incompatible</ConvError5x>
	<ConvError6x>codigo 6x incompatible</ConvError6x>
	<ConvErrorDx>tipo Dx incompatible</ConvErrorDx>
	<BadFormat>Formato Invalido</BadFormat>
	<NoKeySelected>No hay boton seleccionado para activar el cheat</NoKeySelected>
</r4cce>
