<?xml version="1.0"?>
<r4cce>
	<Form1>
		<!-- 0:ANSI 1:DEFAULT 128:SJIS 129:WANSUNG 130:JOHAB 134:GB2312 136:BIG5 255:OEM -->
		<Font Charset="1" Name="Arial" />

		<KeyFile Caption="&amp;File" />
			<KeyNew Caption="&amp;New" />
			<KeyOpen Caption="&amp;Open..." />
			<KeySave Caption="&amp;Save" />
			<KeySaveAs Caption="Save &amp;As..." />
			<KeyImport Caption="&amp;Import..." />
			<KeyExit Caption="E&amp;xit" />
		<KeyItem Caption="&amp;Item" />
			<KeyAddGame Caption="Add &amp;Game" />
			<KeyAddFolder Caption="Add &amp;Folder" />
			<KeyAddCode Caption="Add &amp;Code" />
			<KeySortGame Caption="&amp;Sort Games" />
				<KeySortGameName Caption="By &amp;Title" />
				<KeySortGameID Caption="By Game &amp;ID" />
				<KeySortGameIDC Caption="By &amp;Country" />
			<KeyItemAllGame Caption="&amp;All Games ON/OFF" />
				<KeyItemAllGame1 Caption="All Games ON (&amp;1)" />
				<KeyItemAllGame0 Caption="All Games OFF (&amp;0)" />
			<KeyItemCheck2 Caption="Search for duplicates (&amp;2)" />
			<KeyItemUp Caption="Move Item &amp;UP" />
			<KeyItemDown Caption="Move Item DOW&amp;N" />
			<KeyItemDel Caption="&amp;Delete Item" />
		<KeyHelp Caption="&amp;Help" />
			<KeyHelpContents Caption="&amp;Contents" />
				<KeyHelp1 Caption="How to export cheats" />
				<KeyHelp1a Caption="Use File: Save As" />
				<KeyHelp2 Caption="How to uninstall" />
				<KeyHelp2a Caption="Close r4cce" />
			<KeyAbout Caption="&amp;About" />
				<KeyAbout2 Caption="R4CCE v0.73 English" />

		<KeyPAddGame Caption="Add &amp;Game" />
		<KeyPAddFolder Caption="Add &amp;Folder" />
		<KeyPAddCode Caption="Add C&amp;ode" />
		<KeyPCut Caption="Cu&amp;t" />
		<KeyPCopy Caption="&amp;Copy" />
		<KeyPPaste Caption="&amp;Paste" />
		<KeyPDel Caption="&amp;Delete" />
		<KeyPSelAll Caption="Select &amp;All" />
		<KeyPItemUp Caption="Move &amp;UP" />
		<KeyPItemDown Caption="Move DOW&amp;N" />

		<KeyConvDipStar Caption="Convert &amp;DipStar -> R4" />
		<KeyConvCodeBreaker Caption="Convert Code&amp;Breaker -> R4" />

		<ButtonAddGame Caption="Add &amp;Game" />
		<ButtonAddFolder Caption="Add &amp;Folder" />
		<ButtonAddCode Caption="Add &amp;Code" />
		<ButtonItemDel Caption="&amp;Delete" />
		<ButtonItemUp Caption="UP" />
		<ButtonItemDown Caption="DWN" />
		<ButtonSetting Caption="&amp;Setting" />

		<LabelDBTitle Caption="Database &amp;Title" />
		<CheckDBEnable Caption="Cheat En&amp;able" />
		<CheckEncrypt Caption="&amp;Encrypt File" />
		<LabelGameTitle Caption="Game &amp;Title" />
		<LabelGameCode Caption="Game &amp;ID" />
		<CheckGameEnable Caption="Game &amp;Enable" />
		<GroupGameEx Caption="&amp;Master Codes" />
		<ButtonGameCheck2 Caption="Dup?" />
		<LabelFolderTitle Caption="Folder &amp;Title" />
		<LabelFolderNote Caption="Note/&amp;Comment" />
		<CheckFolderOne Caption="One &amp;Hot" />
		<LabelCodeTitle Caption="Code &amp;Title" />
		<LabelCodeNote Caption="&amp;Comment" />
		<LabelCodeList Caption="Code &amp;List" />
		<CheckCodeEnable Caption="Code &amp;Enable" />
		<ButtonConv Caption="Con&amp;v" />

		<GroupCodeKey Caption="&amp;Key-Pad cheat activation button" />
		<LabelCodeKey Caption="Gray=pass over" />
		<CheckCodeKeyUp Caption="^" />
		<CheckCodeKeyDown Caption="v" />
		<CheckCodeKeyLeft Caption="&lt;" />
		<CheckCodeKeyRight Caption="&gt;" />
		<ButtonCodeKeyMod Caption="Modify" />
		<ButtonCodeKeyAdd Caption="Add" />

		<GroupEncodeDat Caption="File Encoding" />
		<GroupEncodeXml Caption="XML Output Encoding" />
		<CheckDatAuto Caption="Auto" />
		<GroupM3R Caption="M3 Real *.db" />
		<CheckM3RDame Caption="Character Fix" />
		<RadioM3Rdht Caption="DHT" />
		<RadioM3Rorg Caption="Extended" />
		<ComboM3RNote>
			<Items index="0">FIRST Game name</Items>
			<Items index="1">FIRST Comment</Items>
		</ComboM3RNote>
		<GroupSetting Caption="r4cce Settings" />
		<CheckCache Caption="FastSave(Cache)" />

		<ButtonFind Caption="Find" />
	</Form1>

	<NoZLib1DLL>No zlib1.dll found</NoZLib1DLL>
	<NoZLib1Proc>The procedure is not in zlib1.dll</NoZLib1Proc>
	<FileNotDat>The file is not cheat database.</FileNotDat>
	<FileBadVer>The file is not cheat database or unsupported version.</FileBadVer>
	<FileBroken>The file is broken.</FileBroken>
	<CodeBadChar>contains illegal character. The code may be broken.</CodeBadChar>
	<WarnAgain>Do you want to show this warning again?</WarnAgain>
	<CantOpen>Can't open the file.</CantOpen>
	<CantRead>Can't read from the file.</CantRead>
	<FileNotNDS>The file is not NDS file.</FileNotNDS>
	<Modified>The data is modified. Do you want to save?</Modified>
	<Unofficial>The file seems be made by other software. Do you want to overwrite?</Unofficial>
	<NotFound>404 NOT FOUND</NotFound>
	<ReSearch>Not found. Search from beginning?</ReSearch>
	<NoDup>No dupplication.</NoDup>
	<NoDupRe>No dupplication. Search from beginning?</NoDupRe>
	<ConvNoElement>No elements to convert</ConvNoElement>
	<ConvError4x>wrong 4x code</ConvError4x>
	<ConvError3x>wrong 3x code</ConvError3x>
	<ConvErrorBx>wrong Bx code</ConvErrorBx>
	<ConvErrorUnknown>Unknown code</ConvErrorUnknown>
	<ConvError5x>5x code is unsupported</ConvError5x>
	<ConvError6x>6x code is unsupported</ConvError6x>
	<ConvErrorDx>unsupported Dx type</ConvErrorDx>
	<BadFormat>Invalid Format</BadFormat>
	<NoKeySelected>No button selected to activate the cheat</NoKeySelected>
</r4cce>
