<?xml version="1.0"?>
<r4cce>
	<Form1>
		<!-- Change Default Setting if u want -->
		<RadioDatGBK  Checked="true" />
		<RadioDatBIG5 Checked="false" />
		<RadioDatSJIS Checked="false" />

		<RadioXmlGBK  Checked="false" />
		<RadioXmlSJIS Checked="false" />
		<RadioXmlUTF8 Checked="true" />
		<RadioXmlETC Checked="false" />
		<EditXmlETC Text="" />

		<!-- 0:ANSI 1:DEFAULT 128:SJIS 134:GB2312 136:BIG5 255:OEM -->
		<Font Charset="1" Name="Arial" />

		<KeyFile Caption="&amp;File" />
			<KeyNew Caption="&amp;Nuovo" />
			<KeyOpen Caption="&amp;Apri..." />
			<KeySave Caption="&amp;Salva" />
			<KeySaveAs Caption="Salva &amp;Con nome..." />
			<KeyImport Caption="&amp;Importa..." />
			<KeyExit Caption="E&amp;sci" />
		<KeyItem Caption="&amp;Strumenti" />
			<KeyAddGame Caption="&amp;Aggiungi Gioco" />
			<KeyAddFolder Caption="Crea Car&amp;tella" />
			<KeyAddCode Caption="Crea Co&amp;dice" />
			<KeySortGame Caption="&amp;Ordina per" />
				<KeySortGameName Caption="&amp;Titolo" />
				<KeySortGameID Caption="ID &amp;del gioco" />
				<KeySortGameIDC Caption="&amp;Lingua del gioco" />
			<KeyItemAllGame Caption="&amp;Tutti i giochi ON/OFF" />
				<KeyItemAllGame1 Caption="Tutti I giochi ON (&amp;1)" />
				<KeyItemAllGame0 Caption="Tutti I giochi OFF (&amp;0)" />
			<KeyItemCheck2 Caption="Cerca I duplicati (&amp;2)" />
			<KeyItemUp Caption="Muovi oggetto S&amp;U" />
			<KeyItemDown Caption="Muovi oggetto GI&amp;U'" />
			<KeyItemDel Caption="C&amp;ancella oggetto" />
		<KeyHelp Caption="A&amp;iuto" />
			<KeyHelpContents Caption="&amp;Contenuti" />
				<KeyHelp1 Caption="Come esportare I trucchi" />
				<KeyHelp1a Caption="Use File: Save As" />
				<KeyHelp2 Caption="Come disinstallre" />
				<KeyHelp2a Caption="Chiudi r4cce" />
			<KeyAbout Caption="&amp;About" />
				<KeyAbout2 Caption="R4CCE v1.0 Italian" />

		<KeyPAddGame Caption="&amp;Aggiungi Gioco" />
		<KeyPAddFolder Caption="Crea Car&amp;tella" />
		<KeyPAddCode Caption="Crea Co&amp;dice" />
		<KeyPCut Caption="Taglia&amp;" />
		<KeyPCopy Caption="&amp;Copia" />
		<KeyPPaste Caption="&amp;Incolla" />
		<KeyPDel Caption="C&amp;ancella" />
		<KeyPSelAll Caption="Seleziona &amp;Tutto" />
		<KeyPItemUp Caption="Muovi &amp;SU" />
		<KeyPItemDown Caption="Muovi GIU'&amp;" />

		<KeyConvDipStar Caption="Converti &amp;DipStar -> R4" />
		<KeyConvCodeBreaker Caption="Converti Code&amp;Breaker -> R4" />

		<ButtonAddGame Caption="Aggiungi &amp;Gioco" />
		<ButtonAddFolder Caption="Crea Car&amp;tella" />
		<ButtonAddCode Caption="Crea C&amp;odice" />
		<ButtonItemDel Caption="C&amp;ancella" />
		<ButtonItemUp Caption="SU" />
		<ButtonItemDown Caption="GIU'" />
		<ButtonSetting Caption="&amp;Impostazioni" />

		<LabelDBTitle Caption="Titolo del Database &amp;" />
		<CheckDBEnable Caption="Attiva Cheats&amp;" />
		<CheckEncrypt Caption="&amp;Cripta File" />
		<LabelGameTitle Caption="Titolo Gioco &amp;" />
		<LabelGameCode Caption="ID del gioco &amp;" />
		<CheckGameEnable Caption="Gioco &amp;Attivato" />
		<GroupGameEx Caption="&amp;Codici master" />
		<ButtonGameCheck2 Caption="E&amp;sistente?" />
		<LabelFolderTitle Caption="Nome della cartella&amp;" />
		<LabelFolderNote Caption="Note/&amp;Commenti" />
		<CheckFolderOne Caption="One &amp;Hot" />
		<LabelCodeTitle Caption="Tit.&amp;Codice" />
		<LabelCodeNote Caption="&amp;Commenti" />
		<LabelCodeList Caption="Lista &amp;Codici" />
		<CheckCodeEnable Caption="Codici &amp;Attivi" />
		<ButtonConv Caption="Con&amp;v" />

		<GroupCodeKey Caption="&amp;Tasti per attivare il cheat" />
		<LabelCodeKey Caption="Grigio=non attivo" />
		<CheckCodeKeyUp Caption="^" />
		<CheckCodeKeyDown Caption="v" />
		<CheckCodeKeyLeft Caption="&lt;" />
		<CheckCodeKeyRight Caption="&gt;" />
		<ButtonCodeKeyMod Caption="Edita" />
		<ButtonCodeKeyAdd Caption="Aggiungi" />

		<GroupEncodeDat Caption="Esportazione del file" />
		<GroupEncodeXml Caption="Esportazione inXML" />
		<CheckDatAuto Caption="Auto" />
		<GroupM3R Caption="M3 Real *.db" />
		<CheckM3RDame Caption="Caratteri" />
		<RadioM3Rdht Caption="DHT" />
		<RadioM3Rorg Caption="Esteso" />
		<ComboM3RNote>
			<Items index="0">Primo nome del gioco</Items>
			<Items index="1">Primo Commento</Items>
		</ComboM3RNote>

		<ButtonFind Caption="Cerca" />
	</Form1>
<NoZLib1DLL>No zlib1.dll found</NoZLib1DLL>
	<NoZLib1Proc>The procedure is not in zlib1.dll</NoZLib1Proc>
	<FileNotDat>The file is not cheat database.</FileNotDat>
	<FileBadVer>The file is not cheat database or unsupported version.</FileBadVer>
	<FileBroken>The file is broken.</FileBroken>
	<CodeBadChar>contains illegal character. The code may be broken.</CodeBadChar>
	<WarnAgain>Do you want to show this warning again?</WarnAgain>
	<CantOpen>Can't open the file.</CantOpen>
	<CantRead>Can't read from the file.</CantRead>
	<FileNotNDS>The file is not NDS file.</FileNotNDS>
	<Modified>The data is modified. Do you want to save?</Modified>
	<Unofficial>The file seems be made by other software. Do you want to overwrite?</Unofficial>
	<NotFound>404 NOT FOUND</NotFound>
	<ReSearch>Not found. Search from beginning?</ReSearch>
	<NoDup>No dupplication.</NoDup>
	<NoDupRe>No dupplication. Search from beginning?</NoDupRe>
	<ConvNoElement>No elements to convert</ConvNoElement>
	<ConvError4x>wrong 4x code</ConvError4x>
	<ConvError3x>wrong 3x code</ConvError3x>
	<ConvErrorBx>wrong Bx code</ConvErrorBx>
	<ConvErrorUnknown>Unknown code</ConvErrorUnknown>
	<ConvError5x>5x code is unsupported</ConvError5x>
	<ConvError6x>6x code is unsupported</ConvError6x>
	<ConvErrorDx>unsupported Dx type</ConvErrorDx>
	<BadFormat>Invalid Format</BadFormat>
	<NoKeySelected>No button selected to activate the cheat</NoKeySelected>
</r4cce>
