<?xml version="1.0"?>
<r4cce>
	<Form1>
		<!-- 0:ANSI 1:DEFAULT 128:SJIS 134:GB2312 136:BIG5 255:OEM -->
		<Font Charset="1" Name="Arial" />

		<KeyFile Caption="&amp;Fájl" />
			<KeyNew Caption="&amp;Új" />
			<KeyOpen Caption="&amp;Megnyitás..." />
			<KeySave Caption="&amp;Mentés" />
			<KeySaveAs Caption="Mentés &amp;másként..." />
			<KeyImport Caption="&amp;Import..." />
			<KeyExit Caption="E&amp;xit" />
		<KeyItem Caption="&amp;Kód" />
			<KeyAddGame Caption="Új &amp;játék" />
			<KeyAddFolder Caption="Új &amp;mappa" />
			<KeyAddCode Caption="Új &amp;kód" />
			<KeySortGame Caption="&amp;Játékok rendezése" />
				<KeySortGameName Caption="Cím &amp;szerint" />
				<KeySortGameID Caption="Játék &amp;ID-je szerint" />
				<KeySortGameIDC Caption="&amp;Ország szerint" />
			<KeyItemAllGame Caption="&amp;Összes játék be-/kikapcsolva" />
				<KeyItemAllGame1 Caption="Összes játék bekapcsolva (&amp;1)" />
				<KeyItemAllGame0 Caption="Összes játék kikapcsolva (&amp;0)" />
			<KeyItemCheck2 Caption="Duplázott játékok keresése (&amp;2)" />
			<KeyItemUp Caption="Mozgatás FEL&amp;" />
			<KeyItemDown Caption="Mozgatás LE&amp;" />
			<KeyItemDel Caption="&amp;Törlés" />
		<KeyHelp Caption="&amp;Súgó" />
			<KeyHelpContents Caption="&amp;Tartalom" />
				<KeyHelp1 Caption="Hogyan exportáld az adatbázist" />
				<KeyHelp1a Caption="Válaszd ki a Fájl: Mentés másként... opciót" />
				<KeyHelp2 Caption="Hogyan Uninstalláld?" />
				<KeyHelp2a Caption="Zárd be a programot" />
			<KeyAbout Caption="&amp;Névjegy" />
				<KeyAbout2 Caption="R4CCE v0.73 Magyar" />

		<KeyPAddGame Caption="Új &amp;játék" />
		<KeyPAddFolder Caption="Új &amp;mappa" />
		<KeyPAddCode Caption="Új k&amp;ód" />
		<KeyPCut Caption="Ki&amp;vágás" />
		<KeyPCopy Caption="&amp;Másolás" />
		<KeyPPaste Caption="&amp;Beillesztés" />
		<KeyPDel Caption="&amp;Törlés" />
		<KeyPSelAll Caption="Összes &amp;kijelölése" />
		<KeyPItemUp Caption="Mozgatás &amp;FEL" />
		<KeyPItemDown Caption="Mozgatás LE&amp;" />

		<KeyConvDipStar Caption="Konvertálás: &amp;DipStar -> R4" />
		<KeyConvCodeBreaker Caption="Konvertálás: Code&amp;Breaker -> R4" />

		<ButtonAddGame Caption="Új &amp;játék" />
		<ButtonAddFolder Caption="Új &amp;mappa" />
		<ButtonAddCode Caption="Új &amp;kód" />
		<ButtonItemDel Caption="&amp;Törlés" />
		<ButtonItemUp Caption="FEL" />
		<ButtonItemDown Caption="LE" />
		<ButtonSetting Caption="&amp;Beállítások" />

		<LabelDBTitle Caption="Adatbázis &amp;neve" />
		<CheckDBEnable Caption="Kód be&amp;kapcsolva" />
		<CheckEncrypt Caption="&amp;Fájl titkosítása" />
		<LabelGameTitle Caption="Játék &amp;címe" />
		<LabelGameCode Caption="Játék &amp;ID-je" />
		<CheckGameEnable Caption="Játék &amp;kijelölt" />
		<GroupGameEx Caption="&amp;Master kódok" />
		<ButtonGameCheck2 Caption="Dupla?" />
		<LabelFolderTitle Caption="Mappa &amp;neve" />
		<LabelFolderNote Caption="Mappa &amp;megjegyzés" />
		<CheckFolderOne Caption="1 &amp;jelölés" />
		<LabelCodeTitle Caption="Kód &amp;neve" />
		<LabelCodeNote Caption="&amp;Megjegyzés" />
		<LabelCodeList Caption="Kód &amp;lista" />
		<CheckCodeEnable Caption="Kód &amp;kijelölt" />
		<ButtonConv Caption="Kon&amp;vertál" />

		<GroupCodeKey Caption="&amp;Gombnyomás" />
		<LabelCodeKey Caption="Szürke=kihagyás" />
		<CheckCodeKeyUp Caption="^" />
		<CheckCodeKeyDown Caption="v" />
		<CheckCodeKeyLeft Caption="&lt;" />
		<CheckCodeKeyRight Caption="&gt;" />
		<ButtonCodeKeyMod Caption="Szerk." />
		<ButtonCodeKeyAdd Caption="Új" />

		<GroupEncodeDat Caption="Fájl kódolása" />
		<GroupEncodeXml Caption="XML kódolása" />
		<CheckDatAuto Caption="Auto" />
		<GroupM3R Caption="M3 Real *.db" />
		<CheckM3RDame Caption="Karakter(ek) javítása" />
		<RadioM3Rdht Caption="DHT" />
		<RadioM3Rorg Caption="Bővített" />
		<ComboM3RNote>
			<Items index="0">ELSŐ a Játéknév</Items>
			<Items index="1">ELSŐ a Megjegyzés</Items>
		</ComboM3RNote>

		<ButtonFind Caption="Keres" />
	</Form1>

	<FileNotDat>A fájl nem kód adatbázis.</FileNotDat>
	<FileBadVer>A fájl nem kód adatbázis, vagy nem támogatott verziójú.</FileBadVer>
	<FileBroken>A fájl sérült.</FileBroken>
	<CodeBadChar>helytelen karakter(eke)t tartalmaz. A kód esetleg sérült.</CodeBadChar>
	<WarnAgain>Akarod hogy megjelenjen ez a fiygelmeztetés újra?</WarnAgain>
	<CantOpen>A fájlt nem lehet megnyitni.</CantOpen>
	<CantRead>A fájlt nem lehet olvasni.</CantRead>
	<FileNotNDS>Ez a fájl nem .NDS fájl.</FileNotNDS>
	<Modified>Az adat(ok) módosultak. Szeretnéd elmenteni?</Modified>
	<Unofficial>The file seems be made by other software. Do you want to overwrite?</Unofficial>
	<NotFound>404 NEM TALÁLHATÓ</NotFound>
	<ReSearch>Nem található. Keresés az elejétől?</ReSearch>
	<NoDup>Nincs kétszer meg egy játék se.</NoDup>
	<NoDupRe>Nem található duplázott játék. Keresés az elejétől?</NoDupRe>
	<ConvNoElement>Nincs elem konvertálásra</ConvNoElement>
	<ConvError4x>hibás 4x kód</ConvError4x>
	<ConvError3x>hibás 3x kód</ConvError3x>
	<ConvErrorBx>hibás Bx kód</ConvErrorBx>
	<ConvErrorUnknown>Ismeretlen kód</ConvErrorUnknown>
	<ConvError5x>5x kód nem támogatott</ConvError5x>
	<ConvError6x>6x kód nem támogatott</ConvError6x>
	<ConvErrorDx>nem támogatott Dx típus</ConvErrorDx>
	<BadFormat>Helytelen formátum</BadFormat>
	<NoKeySelected>Nem választottál ki gombot</NoKeySelected>
</r4cce>
